epoch,loss
0,0.000003
1,0.000003
2,0.000003
3,0.000003
4,0.000003
5,0.000003
6,0.000003
7,0.000002
8,0.000002
9,0.000002
